 サトノアリシア, リスグラシュー
 サトノアリシア, フローレスマジック
 サトノアリシア, シグルーン
 サトノアリシア, アピールバイオ
 サトノアリシア, ハートオブスワロー
 サトノアリシア, ヒストリア
 サトノアリシア, コーラルプリンセス
 サトノアリシア, ヴィーナスフローラ
 サトノアリシア, マルモレイナ
 サトノアリシア, ツヅク
 サトノアリシア, トーホウアイレス
 サトノアリシア, ライジングリーズン
 サトノアリシア, メローブリーズ
 サトノアリシア, パフォーム
 サトノアリシア, ウインシトリン
 サトノアリシア, トワイライトライフ
 サトノアリシア, クイントゥープル
 サトノアリシア, ラビットラン
 サトノアリシア, カワキタエンカ
 サトノアリシア, ミリッサ
 サトノアリシア, メイショウオワラ
 サトノアリシア, ファンディーナ
 サトノアリシア, モズカッチャン
 サトノアリシア, ブライトムーン
 サトノアリシア, レーヌミノル
 サトノアリシア, ミスパンテール
 サトノアリシア, クイーンマンボ
 サトノアリシア, メイズオブオナー
 サトノアリシア, カラクレナイ
 サトノアリシア, アロンザモナ
 サトノアリシア, ブラックスビーチ
 サトノアリシア, ハローユニコーン
 サトノアリシア, ヤマカツグレース
 サトノアリシア, ソウルスターリング
 サトノアリシア, ディーパワンサ
 サトノアリシア, ヴゼットジョリー
 サトノアリシア, ゴールドケープ
 サトノアリシア, アリンナ
 サトノアリシア, フェルトベルク
 サトノアリシア, スズカゼ
 サトノアリシア, ジューヌエコール
 サトノアリシア, ブラックオニキス
 サトノアリシア, ショーウェイ
 サトノアリシア, クインズサリナ
 サトノアリシア, ジャストザマリン
 サトノアリシア, ポンポン
 サトノアリシア, エムオービーナス
