 ダノンリバティ, ベルーフ
 ダノンリバティ, ブラックバゴ
 ダノンリバティ, クルーガー
 ダノンリバティ, ソールインパクト
 ダノンリバティ, フォワードカフェ
 ダノンリバティ, オトコギイッポン
 ダノンリバティ, クラージュシチー
 ダノンリバティ, タケルラムセス
 ダノンリバティ, ナスノセイカン
 ダノンリバティ, ディアコンチェルト
 ダノンリバティ, イーデンホール
 ダノンリバティ, コスモナインボール
 ダノンリバティ, マイネルシュバリエ
 ダノンリバティ, ザイディックメア
 ダノンリバティ, バルビエール
 ダノンリバティ, ブライトバローズ
 ダノンリバティ, ミュゼエイリアン
 ダノンリバティ, アンビシャス
 ダノンリバティ, アルバートドック
 ダノンリバティ, シュヴァルグラン
 ダノンリバティ, グリュイエール
 ダノンリバティ, ペガサスボス
 ダノンリバティ, マサハヤドリーム
 ダノンリバティ, ロードフェリーチェ
 ダノンリバティ, ジュヒョウ
 ダノンリバティ, ナヴィオン
 ダノンリバティ, テイエムクロタカ
 ダノンリバティ, ルナプロスペクター
 ダノンリバティ, アッシュゴールド
 ダノンリバティ, サトノラーゼン
 ダノンリバティ, ポルトドートウィユ
 ダノンリバティ, トーセンバジル
 ダノンリバティ, スピリッツミノル
 ダノンリバティ, レントラー
 ダノンリバティ, シャッターチャンス
 ダノンリバティ, ジェネラルゴジップ
 ダノンリバティ, スワーヴジョージ
 ダノンリバティ, リベレーター
 ダノンリバティ, タイセイアプローズ
 ダノンリバティ, ゼンノブレーメン
 ダノンリバティ, ロードクロムウェル
 ダノンリバティ, ネオアトラクション
 ダノンリバティ, クロスクリーガー
 ダノンリバティ, タマノブリュネット
 ダノンリバティ, ゴールデンバローズ
 ダノンリバティ, カラパナビーチ
 ダノンリバティ, ノボバカラ
 ダノンリバティ, ダイワインパルス
 ダノンリバティ, ライドオンウインド
 ダノンリバティ, オールブラッシュ
 ダノンリバティ, センチュリオン
 ダノンリバティ, デブリン
 ダノンリバティ, クワドループル
 ダノンリバティ, シンゼンガンプ
 ダノンリバティ, ラッキープリンス
 ダノンリバティ, ディアドムス
 ダノンリバティ, アウォーディー
 ダノンリバティ, ナムラビクター
 ダノンリバティ, キングヒーロー
 ダノンリバティ, トウシンイーグル
 ダノンリバティ, ニホンピロアワーズ
 ダノンリバティ, ランウェイワルツ
 ダノンリバティ, トウケイヘイロー
 ダノンリバティ, アメリカンウィナー
 ダノンリバティ, グランドシチー
 ダノンリバティ, マルカプレジオ
 ダノンリバティ, キクノソル
 ダノンリバティ, ロワジャルダン
 ダノンリバティ, カゼノコ
 ダノンリバティ, ローマンレジェンド
 ダノンリバティ, アスカノロマン
 ダノンリバティ, クリノスターオー
 ダノンリバティ, モンドクラッセ
 ダノンリバティ, スリータイタン
 ダノンリバティ, マイネルクロップ
 ダノンリバティ, エーシンモアオバー
 ダノンリバティ, ソロル
 ダノンリバティ, ダノンシャーク
 ダノンリバティ, クラレント
 ダノンリバティ, フィエロ
 ダノンリバティ, サンライズメジャー
 ダノンリバティ, ケイティープライド
 ダノンリバティ, ケントオー
 ダノンリバティ, エキストラエンド
 ダノンリバティ, テイエムイナズマ
 ダノンリバティ, マーティンボロ
 ダノンリバティ, ネオスターダム
 ダノンリバティ, レッドアリオン
 ダノンリバティ, アルマワイオリ
 ダノンリバティ, ガリバルディ
 ダノンリバティ, ピークトラム
 ダノンリバティ, ダンスアミーガ
 ダノンリバティ, タガノエトワール
 ダノンリバティ, カレンケカリーナ
 ダノンリバティ, アルマディヴァン
 ダノンリバティ, スマートオリオン
 ダノンリバティ, ダッシングブレイズ
 ダノンリバティ, ワキノブレイブ
 ダノンリバティ, トウショウドラフタ
 ダノンリバティ, カオスモス
 ダノンリバティ, ダローネガ
 ダノンリバティ, タガノエスプレッソ
 ダノンリバティ, マイネルアウラート
 ダノンリバティ, ヤングマンパワー
 ダノンリバティ, マジックタイム
 ダノンリバティ, ロサギガンティア
 ダノンリバティ, ラングレー
 ダノンリバティ, クラリティスカイ
 ダノンリバティ, リーサルウェポン
 ダノンリバティ, サトノギャラント
 ダノンリバティ, マジェスティハーツ
 ダノンリバティ, クリノタカラチャン
 ダノンリバティ, ロードクエスト
 ダノンリバティ, カフェブリリアント
 ダノンリバティ, ダノンプラチナ
 ダノンリバティ, ダイワリベラル
 ダノンリバティ, ペイシャフェリス
 ダノンリバティ, シベリアンスパーブ
 ダノンリバティ, ウインガニオン
 ダノンリバティ, グランシルク
 ダノンリバティ, ブラックムーン
 ダノンリバティ, アスカビレン
 ダノンリバティ, ムーンクレスト
 ダノンリバティ, スーサンジョイ
 ダノンリバティ, レッドレイヴン
 ダノンリバティ, ワンアンドオンリー
 ダノンリバティ, トウショウピスト
 ダノンリバティ, グァンチャーレ
 ダノンリバティ, ピンポン
 ダノンリバティ, マルターズアポジー
 ダノンリバティ, ショウナンバッハ
 ダノンリバティ, ウキヨノカゼ
 ダノンリバティ, トーセンデューク
 ダノンリバティ, メートルダール
 ダノンリバティ, オールザゴー
 ダノンリバティ, マイネルハニー
 ダノンリバティ, ミッキージョイ
 ダノンリバティ, ボンセルヴィーソ
 ダノンリバティ, ブラックスピネル
 ダノンリバティ, ウインフルブルーム
 ダノンリバティ, ドゥラメンテ
 ダノンリバティ, リアルスティール
 ダノンリバティ, キタサンブラック
 ダノンリバティ, ブライトエンブレム
 ダノンリバティ, サトノクラウン
 ダノンリバティ, コメート
 ダノンリバティ, ベルラップ
 ダノンリバティ, ワンダーアツレッタ
 ダノンリバティ, サンビスタ
 ダノンリバティ, ノンコノユメ
 ダノンリバティ, サウンドトゥルー
 ダノンリバティ, ホッコータルマエ
 ダノンリバティ, ワンダーアキュート
 ダノンリバティ, コパノリッキー
 ダノンリバティ, グレープブランデー
 ダノンリバティ, コーリンベリー
 ダノンリバティ, ガンピット
