 テンダリーヴォイス, ココロノアイ
 テンダリーヴォイス, レッツゴードンキ
 テンダリーヴォイス, トーセンラーク
 テンダリーヴォイス, フローレスダンサー
 テンダリーヴォイス, スマートプラネット
 テンダリーヴォイス, シングウィズジョイ
 テンダリーヴォイス, アールブリュット
 テンダリーヴォイス, シャルール
 テンダリーヴォイス, ステラスターライト
 テンダリーヴォイス, ナイアガラモンロー
 テンダリーヴォイス, タマモルミエール
 テンダリーヴォイス, ココロノママニ
 テンダリーヴォイス, ハナモモ
 テンダリーヴォイス, ロゾヴァドリナ
 テンダリーヴォイス, メイショウメイゲツ
 テンダリーヴォイス, リバークルーズ
 テンダリーヴォイス, プリメラアスール
 テンダリーヴォイス, ノットフォーマル
 テンダリーヴォイス, ローデッド
 テンダリーヴォイス, コートシャルマン
 テンダリーヴォイス, アドマイヤピンク
 テンダリーヴォイス, カービングパス
 テンダリーヴォイス, エヴァンジル
 テンダリーヴォイス, ギンザヴィクトリア
 テンダリーヴォイス, ハナズプルメリア
 テンダリーヴォイス, オーミアリス
 テンダリーヴォイス, マラケシュ
 テンダリーヴォイス, ヤマタケマツリ
 テンダリーヴォイス, トラストレイカ
 テンダリーヴォイス, クルミナル
 テンダリーヴォイス, コンテッサトゥーレ
 テンダリーヴォイス, クイーンズリング
 テンダリーヴォイス, アンドリエッテ
 テンダリーヴォイス, キャットコイン
 テンダリーヴォイス, アースライズ
 テンダリーヴォイス, ルージュバック
 テンダリーヴォイス, レオパルディナ
 テンダリーヴォイス, ペルフィカ
 テンダリーヴォイス, ムーンエクスプレス
 テンダリーヴォイス, クールホタルビ
 テンダリーヴォイス, ミッキークイーン
 テンダリーヴォイス, マキシマムドパリ
 テンダリーヴォイス, タッチングスピーチ
 テンダリーヴォイス, アスカビレン
 テンダリーヴォイス, トーセンビクトリー
 テンダリーヴォイス, クインズミラーグロ
 テンダリーヴォイス, ホワイトエレガンス
 テンダリーヴォイス, ディープジュエリー
 テンダリーヴォイス, ディアマイダーリン
