 マキャヴィティ, ミッキーアイル
 マキャヴィティ, タガノグランパ
 マキャヴィティ, フェルメッツァ
 マキャヴィティ, タガノブルグ
 マキャヴィティ, グッドスピリッツ
 マキャヴィティ, エイシンブルズアイ
 マキャヴィティ, アドマイヤメテオ
 マキャヴィティ, レッドルシファー
 マキャヴィティ, グランフィデリオ
 マキャヴィティ, サトノルパン
 マキャヴィティ, アルマエルナト
 マキャヴィティ, ベルルミエール
 マキャヴィティ, ショウナンアチーヴ
 マキャヴィティ, カラダレジェンド
 マキャヴィティ, ネロ
 マキャヴィティ, ダンツブロード
 マキャヴィティ, テーオーソルジャー
 マキャヴィティ, クリノイザナミ
 マキャヴィティ, シゲルカガ
 マキャヴィティ, ウインスプラッシュ
 マキャヴィティ, ベニノラッキーマン
 マキャヴィティ, ビアンコカンドーレ
 マキャヴィティ, キタサンラブコール
 マキャヴィティ, テイエムキュウコー
 マキャヴィティ, ノボバカラ
 マキャヴィティ, ニシケンモノノフ
 マキャヴィティ, コーリンベリー
 マキャヴィティ, ゴーイングパワー
 マキャヴィティ, タールタン
 マキャヴィティ, スウィープアウェイ
 マキャヴィティ, グレープブランデー
 マキャヴィティ, キタサンミカヅキ
 マキャヴィティ, ダノングッド
 マキャヴィティ, サトノタイガー
 マキャヴィティ, カジキ
 マキャヴィティ, テムジン
 マキャヴィティ, フラットライナーズ
 マキャヴィティ, ルックスザットキル
