 マヤノリュウジン, コパノリチャード
 マヤノリュウジン, サンカルロ
 マヤノリュウジン, レッドオーヴァル
 マヤノリュウジン, ガルボ
 マヤノリュウジン, エピセアローム
 マヤノリュウジン, ラトルスネーク
 マヤノリュウジン, プリムラブルガリス
 マヤノリュウジン, ダノンシャーク
 マヤノリュウジン, サンレイレーザー
 マヤノリュウジン, カレンブラックヒル
 マヤノリュウジン, バーバラ
 マヤノリュウジン, シャイニーホーク
 マヤノリュウジン, タマモナイスプレイ
 マヤノリュウジン, パドトロワ
 マヤノリュウジン, ウエストエンド
 マヤノリュウジン, トーホウアマポーラ
 マヤノリュウジン, ニンジャ
 マヤノリュウジン, スギノエンデバー
 マヤノリュウジン, ベルカント
 マヤノリュウジン, ワキノブレイブ
 マヤノリュウジン, ティアップゴールド
 マヤノリュウジン, ルナフォンターナ
 マヤノリュウジン, マコトナワラタナ
 マヤノリュウジン, カイシュウコロンボ
 マヤノリュウジン, レオンビスティー
 マヤノリュウジン, スイートジュエリー
 マヤノリュウジン, サクラアドニス
 マヤノリュウジン, ブルーデジャブ
 マヤノリュウジン, リアルヴィーナス
 マヤノリュウジン, リトルゲルダ
 マヤノリュウジン, ハクサンムーン
 マヤノリュウジン, メイショウイザヨイ
 マヤノリュウジン, バクシンテイオー
 マヤノリュウジン, フォーエバーマーク
 マヤノリュウジン, プリンセスメモリー
 マヤノリュウジン, アルマリンピア
 マヤノリュウジン, アンバルブライベン
 マヤノリュウジン, ダッシャーゴーゴー
 マヤノリュウジン, エーシントップ
 マヤノリュウジン, ビッグアーサー
 マヤノリュウジン, ベルルミエール
 マヤノリュウジン, ミッキーラブソング
 マヤノリュウジン, ヘニーハウンド
 マヤノリュウジン, ドレッドノート
 マヤノリュウジン, サトノデプロマット
 マヤノリュウジン, サドンストーム
 マヤノリュウジン, メイショウツガル
 マヤノリュウジン, マイネルエテルネル
 マヤノリュウジン, オーミアリス
 マヤノリュウジン, レオパルディナ
 マヤノリュウジン, サカジロロイヤル
 マヤノリュウジン, ニザエモン
 マヤノリュウジン, アクティブミノル
 マヤノリュウジン, ウリウリ
 マヤノリュウジン, ストレイトガール
 マヤノリュウジン, ホウライアキコ
 マヤノリュウジン, ブランダムール
 マヤノリュウジン, ルチャドルアスール
 マヤノリュウジン, マテンロウハピネス
 マヤノリュウジン, スノードラゴン
 マヤノリュウジン, アースソニック
 マヤノリュウジン, スマートオリオン
 マヤノリュウジン, リアルインパクト
 マヤノリュウジン, シルクフォーチュン
 マヤノリュウジン, サクラゴスペル
 マヤノリュウジン, レディオブオペラ
 マヤノリュウジン, インプレスウィナー
 マヤノリュウジン, レッドスパーダ
 マヤノリュウジン, マジンプロスパー
 マヤノリュウジン, グランプリボス
 マヤノリュウジン, アフォード
 マヤノリュウジン, セイコーライコウ
 マヤノリュウジン, ローブティサージュ
 マヤノリュウジン, ハナズゴール
