 レッドアリオン, カレンブラックヒル
 レッドアリオン, カオスモス
 レッドアリオン, インプロヴァイズ
 レッドアリオン, エールブリーズ
 レッドアリオン, コディーノ
 レッドアリオン, インパルスヒーロー
 レッドアリオン, ブレイズアトレイル
 レッドアリオン, レオアクティブ
 レッドアリオン, マウントシャスタ
 レッドアリオン, ネオウィズダム
 レッドアリオン, アユサン
 レッドアリオン, ダイワファルコン
 レッドアリオン, スプラッシュエンド
 レッドアリオン, プリムラブルガリス
 レッドアリオン, トリップ
 レッドアリオン, ワールドエース
 レッドアリオン, フィエロ
 レッドアリオン, エキストラエンド
 レッドアリオン, オースミナイン
 レッドアリオン, サンカルロ
 レッドアリオン, カシノピカチュウ
 レッドアリオン, アドマイヤドバイ
 レッドアリオン, アクションスター
 レッドアリオン, ダノンプログラマー
 レッドアリオン, コアレスドラード
 レッドアリオン, ラトルスネーク
 レッドアリオン, ラインブラッド
 レッドアリオン, サワノパンサー
 レッドアリオン, ステファノス
 レッドアリオン, シャイニープリンス
 レッドアリオン, ロサギガンティア
 レッドアリオン, ミトラ
 レッドアリオン, ダノンシャーク
 レッドアリオン, メイショウヤタロウ
 レッドアリオン, ダノンヨーヨー
 レッドアリオン, キングズオブザサン
 レッドアリオン, コスモソーンパーク
 レッドアリオン, クラリティシチー
 レッドアリオン, トーセンレーヴ
 レッドアリオン, シェルビー
 レッドアリオン, サンライズメジャー
 レッドアリオン, フルーキー
 レッドアリオン, ディアデラマドレ
 レッドアリオン, タガノグランパ
 レッドアリオン, マイネルメリエンダ
 レッドアリオン, クラレント
 レッドアリオン, ヒストリカル
 レッドアリオン, タガノブルグ
 レッドアリオン, マジェスティハーツ
 レッドアリオン, ミッキードリーム
 レッドアリオン, テイエムタイホー
 レッドアリオン, マイネルホウオウ
 レッドアリオン, スマートオリオン
 レッドアリオン, アルマディヴァン
 レッドアリオン, ダローネガ
 レッドアリオン, アルバタックス
 レッドアリオン, ナリタスーパーワン
 レッドアリオン, ゴールドベル
 レッドアリオン, オツウ
 レッドアリオン, オリービン
 レッドアリオン, メイケイペガスター
 レッドアリオン, ヤングマンパワー
 レッドアリオン, カフェブリリアント
 レッドアリオン, サトノギャラント
 レッドアリオン, フラアンジェリコ
 レッドアリオン, グランシルク
 レッドアリオン, ショウナンアチーヴ
 レッドアリオン, アルビアーノ
 レッドアリオン, タマモトッププレイ
 レッドアリオン, ケイティープライド
 レッドアリオン, シベリアンスパーブ
 レッドアリオン, タガノエトワール
 レッドアリオン, スピリッツミノル
 レッドアリオン, デウスウルト
 レッドアリオン, マイネルミラノ
 レッドアリオン, ダンツキャンサー
 レッドアリオン, マコトブリジャール
 レッドアリオン, バッドボーイ
 レッドアリオン, メイショウウズシオ
 レッドアリオン, シャトーブランシュ
 レッドアリオン, ゼロス
 レッドアリオン, メイショウナルト
 レッドアリオン, アルバートドック
 レッドアリオン, ダコール
 レッドアリオン, ネオリアリズム
 レッドアリオン, ハピネスダンサー
 レッドアリオン, ベルーフ
 レッドアリオン, メイショウカンパク
 レッドアリオン, マイネルフロスト
 レッドアリオン, タマモベストプレイ
 レッドアリオン, メドウラーク
 レッドアリオン, クルーガー
 レッドアリオン, ケントオー
 レッドアリオン, テイエムイナズマ
 レッドアリオン, マーティンボロ
 レッドアリオン, ダノンリバティ
 レッドアリオン, ネオスターダム
 レッドアリオン, アルマワイオリ
 レッドアリオン, マジックタイム
 レッドアリオン, ダンスアミーガ
 レッドアリオン, ラングレー
 レッドアリオン, クラリティスカイ
 レッドアリオン, リーサルウェポン
 レッドアリオン, ピークトラム
 レッドアリオン, カレンケカリーナ
 レッドアリオン, マイネルアウラート
 レッドアリオン, クリノタカラチャン
 レッドアリオン, ビッグアーサー
 レッドアリオン, ネロ
 レッドアリオン, ラヴァーズポイント
 レッドアリオン, アースソニック
 レッドアリオン, スノードラゴン
 レッドアリオン, ダンスディレクター
 レッドアリオン, エイシンブルズアイ
 レッドアリオン, ウリウリ
 レッドアリオン, アットウィル
 レッドアリオン, ティーハーフ
 レッドアリオン, マイネルエテルネル
 レッドアリオン, メイショウライナー
 レッドアリオン, エイシンスパルタン
 レッドアリオン, フミノムーン
 レッドアリオン, ラインハート
 レッドアリオン, セカンドテーブル
 レッドアリオン, ブラヴィッシモ
 レッドアリオン, ラインスピリット
 レッドアリオン, オウノミチ
 レッドアリオン, クリスマス
 レッドアリオン, アンナミルト
 レッドアリオン, ペイシャフェリス
 レッドアリオン, メラグラーナ
 レッドアリオン, ヤマニンプチガトー
 レッドアリオン, ホッコーサラスター
 レッドアリオン, ジャストドゥイング
 レッドアリオン, ナックビーナス
 レッドアリオン, ブレイブスマッシュ
 レッドアリオン, バクシンテイオー
 レッドアリオン, コスモドーム
 レッドアリオン, トウショウピスト
 レッドアリオン, ウインムート
 レッドアリオン, フレイムヘイロー
 レッドアリオン, グランデッツァ
 レッドアリオン, トーセンラー
 レッドアリオン, グランプリボス
 レッドアリオン, ロゴタイプ
 レッドアリオン, ダイワマッジョーレ
 レッドアリオン, サダムパテック
 レッドアリオン, エクセラントカーヴ
 レッドアリオン, ミッキーアイル
 レッドアリオン, サンレイレーザー
 レッドアリオン, ホウライアキコ
 レッドアリオン, モーリス
 レッドアリオン, ヴァンセンヌ
 レッドアリオン, ケイアイエレガント
 レッドアリオン, リアルインパクト
 レッドアリオン, メイショウマンボ
 レッドアリオン, サクラゴスペル
 レッドアリオン, イスラボニータ
 レッドアリオン, サトノアラジン
 レッドアリオン, レッツゴードンキ
 レッドアリオン, トーセンスターダム
 レッドアリオン, レッドリヴェール
 レッドアリオン, ディサイファ
 レッドアリオン, リアルスティール
 レッドアリオン, コンテントメント
 レッドアリオン, レッドファルクス
 レッドアリオン, ソルヴェイグ
 レッドアリオン, シュウジ
 レッドアリオン, サトノルパン
 レッドアリオン, ベルカント
 レッドアリオン, ブランボヌール
 レッドアリオン, セイウンコウセイ
 レッドアリオン, トーキングドラム
 レッドアリオン, ヒルノデイバロー
 レッドアリオン, ワンスインナムーン
