 ヴゼットジョリー, オーバースペック
 ヴゼットジョリー, イブキ
 ヴゼットジョリー, アピールバイオ
 ヴゼットジョリー, キャスパリーグ
 ヴゼットジョリー, マイネルパラディ
 ヴゼットジョリー, サンライズソア
 ヴゼットジョリー, モーヴサファイア
 ヴゼットジョリー, クイントゥープル
 ヴゼットジョリー, アンジュシャルマン
 ヴゼットジョリー, マテラフィールド
 ヴゼットジョリー, マイネルバールマン
 ヴゼットジョリー, チシャーキャット
 ヴゼットジョリー, ウインシトリン
 ヴゼットジョリー, ワールドツアラー
 ヴゼットジョリー, ペルシアンナイト
 ヴゼットジョリー, レッドアンシェル
 ヴゼットジョリー, ディバインコード
 ヴゼットジョリー, ジョーストリクトリ
 ヴゼットジョリー, ナンヨーマーズ
 ヴゼットジョリー, キョウヘイ
 ヴゼットジョリー, ミラアイトーン
 ヴゼットジョリー, リンクスゼロ
 ヴゼットジョリー, スーパーモリオン
 ヴゼットジョリー, カロス
 ヴゼットジョリー, レヴァンテライオン
 ヴゼットジョリー, ソウルスターリング
 ヴゼットジョリー, リスグラシュー
 ヴゼットジョリー, レーヌミノル
 ヴゼットジョリー, ディーパワンサ
 ヴゼットジョリー, ゴールドケープ
 ヴゼットジョリー, サトノアリシア
 ヴゼットジョリー, アリンナ
 ヴゼットジョリー, フェルトベルク
 ヴゼットジョリー, スズカゼ
 ヴゼットジョリー, ジューヌエコール
 ヴゼットジョリー, ブラックオニキス
 ヴゼットジョリー, ショーウェイ
 ヴゼットジョリー, シグルーン
 ヴゼットジョリー, クインズサリナ
 ヴゼットジョリー, ジャストザマリン
 ヴゼットジョリー, ポンポン
 ヴゼットジョリー, エムオービーナス
 ヴゼットジョリー, カラクレナイ
 ヴゼットジョリー, アエロリット
 ヴゼットジョリー, ディアドラ
 ヴゼットジョリー, カワキタエンカ
 ヴゼットジョリー, ライジングリーズン
 ヴゼットジョリー, ミスエルテ
 ヴゼットジョリー, アドマイヤミヤビ
 ヴゼットジョリー, アロンザモナ
 ヴゼットジョリー, ミスパンテール
 ヴゼットジョリー, ベルカプリ
 ヴゼットジョリー, サロニカ
 ヴゼットジョリー, モズカッチャン
 ヴゼットジョリー, ラビットラン
 ヴゼットジョリー, ミリッサ
 ヴゼットジョリー, ポールヴァンドル
 ヴゼットジョリー, リカビトス
 ヴゼットジョリー, ブラックスビーチ
 ヴゼットジョリー, ファンディーナ
 ヴゼットジョリー, ハローユニコーン
 ヴゼットジョリー, メイショウオワラ
 ヴゼットジョリー, タガノヴェローナ
 ヴゼットジョリー, カリビアンゴールド
