 サウンドトゥルー, インカンテーション
 サウンドトゥルー, クリノスターオー
 サウンドトゥルー, ローマンレジェンド
 サウンドトゥルー, ナムラビクター
 サウンドトゥルー, アジアエクスプレス
 サウンドトゥルー, ドコフクカゼ
 サウンドトゥルー, ニホンピロアワーズ
 サウンドトゥルー, エノラブエナ
 サウンドトゥルー, グランドシチー
 サウンドトゥルー, ダノンバトゥーラ
 サウンドトゥルー, ソリタリーキング
 サウンドトゥルー, イッシンドウタイ
 サウンドトゥルー, マイネルクロップ
 サウンドトゥルー, アスカノロマン
 サウンドトゥルー, タガノゴールド
 サウンドトゥルー, サンビスタ
 サウンドトゥルー, ノンコノユメ
 サウンドトゥルー, ロワジャルダン
 サウンドトゥルー, ホッコータルマエ
 サウンドトゥルー, ワンダーアキュート
 サウンドトゥルー, コパノリッキー
 サウンドトゥルー, グレープブランデー
 サウンドトゥルー, ダノンリバティ
 サウンドトゥルー, コーリンベリー
 サウンドトゥルー, ガンピット
 サウンドトゥルー, アウォーディー
 サウンドトゥルー, カフジテイク
 サウンドトゥルー, アポロケンタッキー
 サウンドトゥルー, モーニン
 サウンドトゥルー, ラニ
 サウンドトゥルー, モンドクラッセ
 サウンドトゥルー, メイショウスミトモ
 サウンドトゥルー, ゴールドドリーム
 サウンドトゥルー, ブライトアイディア
 サウンドトゥルー, ブライトライン
 サウンドトゥルー, ベストウォーリア
 サウンドトゥルー, エイシンバッケン
 サウンドトゥルー, ニシケンモノノフ
 サウンドトゥルー, ケイティブレイブ
 サウンドトゥルー, ホワイトフーガ
 サウンドトゥルー, キングズガード
 サウンドトゥルー, デニムアンドルビー
 サウンドトゥルー, テイエムジンソク
 サウンドトゥルー, ミツバ
 サウンドトゥルー, グレンツェント
 サウンドトゥルー, ローズプリンスダム
 サウンドトゥルー, モルトベーネ
 サウンドトゥルー, ロンドンタウン
サウンドトゥルー,ノンコノユメ
サウンドトゥルー,ゴールドドリーム
サウンドトゥルー,インカンテーション
サウンドトゥルー,サンライズノヴァ
サウンドトゥルー,レッツゴードンキ
サウンドトゥルー,キングズガード
サウンドトゥルー,メイショウスミトモ
サウンドトゥルー,アウォーディー
サウンドトゥルー,ベストウォーリア
サウンドトゥルー,ケイティブレイブ
サウンドトゥルー,テイエムジンソク
サウンドトゥルー,ノボバカラ
サウンドトゥルー,ロンドンタウン
サウンドトゥルー,ララベル
サウンドトゥルー,ニシケンモノノフ
サウンドトゥルー,オメガパフューム
サウンドトゥルー,サンライズソア
サウンドトゥルー,アスカノロマン
サウンドトゥルー,テーオーエナジー
サウンドトゥルー,マイネルバサラ
サウンドトゥルー,タガノゴールド
サウンドトゥルー,オールブラッシュ
サウンドトゥルー,センチュリオン
サウンドトゥルー,カツゲキキトキト
サウンドトゥルー,アポロケンタッキー
サウンドトゥルー,クリソライト
サウンドトゥルー,シュテルングランツ
