 ディバインコード, モンドキャンノ
 ディバインコード, レーヌミノル
 ディバインコード, コウソクストレート
 ディバインコード, タイセイブレーク
 ディバインコード, ジョーストリクトリ
 ディバインコード, タイムトリップ
 ディバインコード, ダイイチターミナル
 ディバインコード, マテラスカイ
 ディバインコード, ダノンハイパワー
 ディバインコード, レヴァンテライオン
 ディバインコード, スズカゼ
 ディバインコード, ドウディ
 ディバインコード, ペルシアンナイト
 ディバインコード, レッドアンシェル
 ディバインコード, ヴゼットジョリー
 ディバインコード, ナンヨーマーズ
 ディバインコード, キョウヘイ
 ディバインコード, ミラアイトーン
 ディバインコード, リンクスゼロ
 ディバインコード, スーパーモリオン
 ディバインコード, カロス
ディバインコード,リスグラシュー
ディバインコード,サトノアレス
ディバインコード,ダイワキャグニー
ディバインコード,デンコウアンジュ
ディバインコード,ハクサンルドルフ
ディバインコード,ベルキャニオン
ディバインコード,クルーガー
ディバインコード,グレーターロンドン
ディバインコード,ストーミーシー
ディバインコード,ダノンプラチナ
ディバインコード,アドマイヤリード
ディバインコード,トウショウピスト
ディバインコード,カデナ
ディバインコード,ガリバルディ
ディバインコード,マイネルアウラート
ディバインコード,ダイアナヘイロー
ディバインコード,モズアスコット
ディバインコード,レッドファルクス
ディバインコード,ニシノラッシュ
ディバインコード,ペイシャフェリシタ
ディバインコード,シュウジ
ディバインコード,マイネルバールマン
ディバインコード,タイムトリップ
ディバインコード,ユキノアイオロス
ディバインコード,コスモドーム
ディバインコード,アポロノシンザン
ディバインコード,ムーンクレスト
ディバインコード,ミッキーラブソング
ディバインコード,カラクレナイ
ディバインコード,モーニン
ディバインコード,ヒルノデイバロー
ディバインコード,コロマンデル
 ディバインコード, アエロリット
 ディバインコード, リエノテソーロ
 ディバインコード, ボンセルヴィーソ
 ディバインコード, オールザゴー
 ディバインコード, ミスエルテ
 ディバインコード, トラスト
 ディバインコード, プラチナヴォイス
 ディバインコード, アウトライアーズ
 ディバインコード, タイセイスターリー
 ディバインコード, ナイトバナレット
 ディバインコード, カラクレナイ
 ディバインコード, ガンサリュート
