 モンドインテロ, トゥインクル
 モンドインテロ, フェイムゲーム
 モンドインテロ, ファタモルガーナ
 モンドインテロ, タンタアレグリア
 モンドインテロ, マイネルメダリスト
 モンドインテロ, スピリッツミノル
 モンドインテロ, ネオブラックダイヤ
 モンドインテロ, サイモントルナーレ
 モンドインテロ, ニューダイナスティ
 モンドインテロ, カムフィー
 モンドインテロ, ゴッドフロアー
 モンドインテロ, エバーグリーン
 モンドインテロ, ホッコーブレーヴ
 モンドインテロ, マドリードカフェ
 モンドインテロ, ペルーサ
 モンドインテロ, クリプトグラム
 モンドインテロ, マリアライト
 モンドインテロ, ヒットザターゲット
 モンドインテロ, レコンダイト
 モンドインテロ, タッチングスピーチ
 モンドインテロ, スーパームーン
 モンドインテロ, サムソンズプライド
 モンドインテロ, ショウナンバッハ
 モンドインテロ, タマモベストプレイ
 モンドインテロ, ジャングルクルーズ
 モンドインテロ, クリールカイザー
 モンドインテロ, マイネルラクリマ
 モンドインテロ, デウスウルト
 モンドインテロ, リヤンドファミユ
 モンドインテロ, シュヴァルグラン
 モンドインテロ, アルバート
 モンドインテロ, ヴォルシェーブ
 モンドインテロ, ワンアンドオンリー
 モンドインテロ, フェスティヴイェル
 モンドインテロ, プレストウィック
 モンドインテロ, ムスカテール
 モンドインテロ, トレジャーマップ
 モンドインテロ, コスモロビン
 モンドインテロ, プロモントーリオ
 モンドインテロ, ウインインスパイア
 モンドインテロ, ミッキーロケット
 モンドインテロ, シャケトラ
 モンドインテロ, レッドエルディスト
 モンドインテロ, カフジプリンス
 モンドインテロ, ヤマカツライデン
 モンドインテロ, トルークマクト
 モンドインテロ, アクションスター
 モンドインテロ, レーヴミストラル
 モンドインテロ, テイエムナナヒカリ
 モンドインテロ, ダコール
 モンドインテロ, アドマイヤフライト
 モンドインテロ, ハッピーモーメント
 モンドインテロ, シルクドリーマー
 モンドインテロ, ウムブルフ
 モンドインテロ, サラトガスピリット
 モンドインテロ, マイネルサージュ
 モンドインテロ, アルター
 モンドインテロ, ラニ
 モンドインテロ, メイショウカドマツ
 モンドインテロ, ルージュバック
 モンドインテロ, ステファノス
 モンドインテロ, マイネルミラノ
 モンドインテロ, ディサイファ
 モンドインテロ, デニムアンドルビー
 モンドインテロ, ブラックバゴ
 モンドインテロ, パリカラノテガミ
 モンドインテロ, ツクバアズマオー
 モンドインテロ, グランアルマダ
 モンドインテロ, マイネルディーン
 モンドインテロ, サトノクロニクル
 モンドインテロ, ブレスジャーニー
 モンドインテロ, スーパーマックス
 モンドインテロ, マサハヤドリーム
 モンドインテロ, メドウラーク
 モンドインテロ, プリメラアスール
 モンドインテロ, レッドソロモン
 モンドインテロ, ジョルジュサンク
 モンドインテロ, ニシノジャーニー
モンドインテロ,パフォーマプロミス
モンドインテロ,ロードヴァンドール
モンドインテロ,ガンコ
モンドインテロ,ミッキーロケット
モンドインテロ,サンタフェチーフ
モンドインテロ,ヒットザターゲット
モンドインテロ,カラビナ
モンドインテロ,アクションスター
モンドインテロ,ベルーフ
モンドインテロ,ソールインパクト
モンドインテロ,トルークマクト
モンドインテロ,グレイトパール
モンドインテロ,ミツバ
モンドインテロ,クインズサターン
モンドインテロ,トップディーヴォ
モンドインテロ,ユラノト
モンドインテロ,ロンドンタウン
モンドインテロ,アルタイル
モンドインテロ,ナムラアラシ
モンドインテロ,マイティティー
モンドインテロ,メイショウウタゲ
モンドインテロ,ディアデルレイ
モンドインテロ,メイショウスミトモ
モンドインテロ,コスモカナディアン
モンドインテロ,アスカノロマン
モンドインテロ,マイネルバサラ
モンドインテロ,ストロングタイタン
モンドインテロ,トリオンフ
モンドインテロ,トリコロールブルー
モンドインテロ,マルターズアポジー
モンドインテロ,サトノノブレス
モンドインテロ,ナスノセイカン
モンドインテロ,ヤマカツライデン
モンドインテロ,テイエムイナズマ
モンドインテロ,タツゴウゲキ
モンドインテロ,ストレンジクォーク
モンドインテロ,サトノダイヤモンド
モンドインテロ,レッドジェノヴァ
モンドインテロ,アルバート
モンドインテロ,シュヴァルグラン
モンドインテロ,ブレスジャーニー
モンドインテロ,ウインテンダネス
モンドインテロ,ケントオー
モンドインテロ,スマートレイアー
モンドインテロ,サンエイゴールド
モンドインテロ,プラチナムバレット
モンドインテロ,リッジマン
モンドインテロ,アドマイヤエイカン
モンドインテロ,マサハヤダイヤ
モンドインテロ,アルター
モンドインテロ,ララエクラテール
モンドインテロ,コウキチョウサン
モンドインテロ,メドウラーク
モンドインテロ,マイネルミラノ
モンドインテロ,ネイチャーレット
モンドインテロ,ヴォージュ
モンドインテロ,カレンラストショー
モンドインテロ,トウシンモンステラ
 モンドインテロ, キタサンブラック
 モンドインテロ, ヤマカツエース
 モンドインテロ, マカヒキ
 モンドインテロ, アンビシャス
 モンドインテロ, サトノクラウン
 モンドインテロ, アングライフェン
 モンドインテロ, スズカデヴィアス
 モンドインテロ, マルターズアポジー
 モンドインテロ, サクラアンプルール
 モンドインテロ, ロードヴァンドール
