 ラヴアンドポップ, アドマイヤエイカン
 ラヴアンドポップ, プロフェット
 ラヴアンドポップ, クロコスミア
 ラヴアンドポップ, アラバスター
 ラヴアンドポップ, スパーキングジョイ
 ラヴアンドポップ, リッジマン
 ラヴアンドポップ, アラモアナワヒネ
 ラヴアンドポップ, ペイシャフェリシタ
 ラヴアンドポップ, ディーズプラネット
 ラヴアンドポップ, アフターダーク
 ラヴアンドポップ, リアルキング
 ラヴアンドポップ, ペイシャオブマーシ
 ラヴアンドポップ, ネコダンサー
 ラヴアンドポップ, ヴァンキッシュラン
 ラヴアンドポップ, レッドエルディスト
 ラヴアンドポップ, レーヴァテイン
 ラヴアンドポップ, プロディガルサン
 ラヴアンドポップ, メートルダール
 ラヴアンドポップ, ノーブルマーズ
 ラヴアンドポップ, マイネルハニー
 ラヴアンドポップ, ロスカボス
 ラヴアンドポップ, アルカサル
 ラヴアンドポップ, フレンドミラクル
 ラヴアンドポップ, ドンチャブ
 ラヴアンドポップ, タンサンドール
ラヴアンドポップ,アップトゥデイト
ラヴアンドポップ,メイショウダッサイ
ラヴアンドポップ,マイネルフィエスタ
ラヴアンドポップ,シゲルクロカジキ
ラヴアンドポップ,リノリオ
ラヴアンドポップ,ハルキストン
ラヴアンドポップ,サムライフォンテン
ラヴアンドポップ,シゲルスズキ
