 リーゼントロック, ロサギガンティア
 リーゼントロック, アジアエクスプレス
 リーゼントロック, クラリティシチー
 リーゼントロック, モーリス
 リーゼントロック, ベルキャニオン
 リーゼントロック, ナスノアオバ
 リーゼントロック, ウインマーレライ
 リーゼントロック, マイネルアウラート
 リーゼントロック, ネオヴァロン
 リーゼントロック, サクラエール
 リーゼントロック, シベリアンタイガー
 リーゼントロック, ミッキーデータ
 リーゼントロック, ダノンアンビシャス
 リーゼントロック, クインズハリジャン
 リーゼントロック, マイネルフロスト
 リーゼントロック, エイシンブルズアイ
 リーゼントロック, ステファノス
 リーゼントロック, ラングレー
 リーゼントロック, アズマシャトル
 リーゼントロック, パドルウィール
 リーゼントロック, ピークトラム
 リーゼントロック, サングラス
 リーゼントロック, シンガン
 リーゼントロック, カゼノコ
 リーゼントロック, アドマイヤヤング
 リーゼントロック, デビル
 リーゼントロック, クリノジュロウジン
 リーゼントロック, ハギノハイブリッド
 リーゼントロック, サウンズオブアース
 リーゼントロック, ガリバルディ
 リーゼントロック, シャドウダンサー
 リーゼントロック, ミヤビジャスパー
 リーゼントロック, スズカデヴィアス
 リーゼントロック, ストロベリーキング
 リーゼントロック, ブレイヴリー
 リーゼントロック, ロングリバイバル
 リーゼントロック, ブラックカイト
 リーゼントロック, オールステイ
 リーゼントロック, ダンディーズムーン
 リーゼントロック, ステイインシアトル
 リーゼントロック, トラキチシャチョウ
 リーゼントロック, ポメグラネイト
 リーゼントロック, インカンテーション
 リーゼントロック, ディアデルレイ
 リーゼントロック, アルタイル
 リーゼントロック, ロンドンタウン
 リーゼントロック, アスカノロマン
 リーゼントロック, メイショウスミトモ
 リーゼントロック, コクスイセン
 リーゼントロック, ディアドムス
 リーゼントロック, マイネルクロップ
 リーゼントロック, ストロングサウザー
 リーゼントロック, コスモカナディアン
 リーゼントロック, ショウナンアポロン
 リーゼントロック, ハッピースプリント
 リーゼントロック, シルクドリーマー
 リーゼントロック, ピットボス
 リーゼントロック, モルトベーネ
 リーゼントロック, ロワジャルダン
 リーゼントロック, タガノエスプレッソ
 リーゼントロック, タムロミラクル
 リーゼントロック, グレンツェント
 リーゼントロック, ミツバ
 リーゼントロック, マイネルバイカ
 リーゼントロック, ナムラアラシ
 リーゼントロック, モンドクラッセ
 リーゼントロック, グレイトパール
 リーゼントロック, クリソライト
 リーゼントロック, ピオネロ
 リーゼントロック, ケイティブレイブ
 リーゼントロック, ラストインパクト
 リーゼントロック, クリノスターオー
 リーゼントロック, ドリームキラリ
 リーゼントロック, コパノチャーリー
 リーゼントロック, テイエムジンソク
 リーゼントロック, リッカルド
 リーゼントロック, オヤコダカ
 リーゼントロック, ラインハート
 リーゼントロック, タマモホルン
 リーゼントロック, ルールソヴァール
 リーゼントロック, キングズガード
 リーゼントロック, シャイニービーム
 リーゼントロック, ローズプリンスダム
 リーゼントロック, エピカリス
 リーゼントロック, タガノヴェリテ
 リーゼントロック, タガノディグオ
 リーゼントロック, サルサディオーネ
 リーゼントロック, トップディーヴォ
リーゼントロック,ハイランドピーク
リーゼントロック,ドリームキラリ
リーゼントロック,ミツバ
リーゼントロック,ロンドンタウン
リーゼントロック,アンジュデジール
リーゼントロック,リッカルド
リーゼントロック,ブラゾンドゥリス
リーゼントロック,ディアデルレイ
リーゼントロック,モルトベーネ
リーゼントロック,ノーブルサターン
リーゼントロック,メイショウスミトモ
リーゼントロック,アルタイル
リーゼントロック,モンドクラッセ
リーゼントロック,オメガパフューム
リーゼントロック,ウェスタールンド
リーゼントロック,サンライズソア
リーゼントロック,ヒラボクラターシュ
リーゼントロック,コスモカナディアン
リーゼントロック,ナムラアラシ
リーゼントロック,ムーンクレスト
リーゼントロック,ミキノトランペット
リーゼントロック,クインズサターン
リーゼントロック,ストライクイーグル
リーゼントロック,グレイトパール
リーゼントロック,コパノチャーリー
リーゼントロック,ヒロブレイブ
リーゼントロック,ラインルーフ
リーゼントロック,ヨシオ
