 スマートオリオン, アンバルブライベン,1
 スノードラゴン, アンバルブライベン,1
 レッドスパーダ, アンバルブライベン,1
 インプレスウィナー, アンバルブライベン,1
 アフォード, アンバルブライベン,2
 スギノエンデバー, アンバルブライベン,2
 プリンセスメモリー, アンバルブライベン,2
 リアルインパクト, アンバルブライベン,1
 ツインクルスター, アンバルブライベン,1
 アースソニック, アンバルブライベン,3
 ミヤジエムジェイ, アンバルブライベン,1
 レオンビスティー, アンバルブライベン,1
 ハクサンムーン, アンバルブライベン,3
 ハノハノ, アンバルブライベン,1
 ケイアイアストン, アンバルブライベン,1
 セイコーライコウ, アンバルブライベン,2
 フクノドリーム, アンバルブライベン,1
 リトルゲルダ, アンバルブライベン,3
 アンゲネーム, アンバルブライベン,1
 ブルーデジャブ, アンバルブライベン,1
 フォーエバーマーク, アンバルブライベン,2
 アンバルブライベン, ローブドヴルール,1
 アンバルブライベン, デュアルスウォード,1
 アンバルブライベン, バーバラ,2
 アンバルブライベン, パドトロワ,1
 アンバルブライベン, シャイニーホーク,1
 メイショウイザヨイ, アンバルブライベン,2
 カイシュウコロンボ, アンバルブライベン,1
 アンバルブライベン, ベルカント,2
 アンバルブライベン, エピセアローム,2
 アンバルブライベン, ルナフォンターナ,2
 アンバルブライベン, ブルーデジャブ,2
 アンバルブライベン, ツルマルレオン,1
 アンバルブライベン, アイラブリリ,1
 アンバルブライベン, ワキノブレイブ,3
 アンバルブライベン, リアルヴィーナス,2
 アンバルブライベン, ニンジャ,1
 アンバルブライベン, アルマリンピア,2
 アンバルブライベン, スギノエンデバー,4
 アンバルブライベン, メイショウスザンナ,1
 アンバルブライベン, ポアゾンブラック,1
 エピセアローム, アンバルブライベン,1
 マヤノリュウジン, アンバルブライベン,1
 バクシンテイオー, アンバルブライベン,1
 トーホウアマポーラ, アンバルブライベン,2
 アルマリンピア, アンバルブライベン,1
 アンバルブライベン, ダッシャーゴーゴー,1
 アンバルブライベン, エーシントップ,2
 アンバルブライベン, サドンストーム,2
 アンバルブライベン, サカジロロイヤル,1
 アンバルブライベン, セイコーライコウ,2
 アンバルブライベン, ヘニーハウンド,2
 アンバルブライベン, レッドオーヴァル,1
 アンバルブライベン, ブランダムール,1
 アンバルブライベン, アースソニック,1
 アンバルブライベン, スマートオリオン,1
 アンバルブライベン, サクラアドニス,1
 アンバルブライベン, ローブティサージュ,3
 アンバルブライベン, アフォード,1
 アンバルブライベン, ニザエモン,2
 アンバルブライベン, ベステゲシェンク,1
 アンバルブライベン, バクシンテイオー,1
 アンバルブライベン, ブルーストーン,1
 アンバルブライベン, エイシンブルズアイ,1
 アンバルブライベン, マジンプロスパー,3
 アンバルブライベン, カオスモス,1
 アンバルブライベン, ホウライアキコ,1
 アンバルブライベン, メイショウツガル,1
 ティーハーフ, アンバルブライベン,1
 レンイングランド, アンバルブライベン,1
 アンバルブライベン, クールホタルビ,1
 アンバルブライベン, サトノデプロマット,1
 アンバルブライベン, ヒラボクプリンス,1
 アンバルブライベン, メイショウイザヨイ,1
 アンバルブライベン, タガノアザガル,1
 アンバルブライベン, コパノリチャード,1
 アンバルブライベン, フギン,1
 エアロヴェロシティ, アンバルブライベン,1
 ミッキーアイル, アンバルブライベン,1
 サドンストーム, アンバルブライベン,1
 コパノリチャード, アンバルブライベン,1
 ダイワマッジョーレ, アンバルブライベン,1
 サクラゴスペル, アンバルブライベン,1
 ショウナンアチーヴ, アンバルブライベン,1
 ワキノブレイブ, アンバルブライベン,1
 オリービン, アンバルブライベン,1
 ストレイトガール, アンバルブライベン,1
 レッドオーヴァル, アンバルブライベン,1
 アンバルブライベン, リトルゲルダ,1
