オメガパフューム,ウェスタールンド,1
ウェスタールンド,サンライズソア,2
ウェスタールンド,ヒラボクラターシュ,2
ウェスタールンド,コスモカナディアン,1
ウェスタールンド,ナムラアラシ,1
ウェスタールンド,ムーンクレスト,1
ウェスタールンド,ミキノトランペット,1
ウェスタールンド,クインズサターン,1
ウェスタールンド,ストライクイーグル,1
ウェスタールンド,グレイトパール,1
ウェスタールンド,コパノチャーリー,1
ウェスタールンド,ヒロブレイブ,1
ウェスタールンド,ラインルーフ,1
ウェスタールンド,ヨシオ,1
ウェスタールンド,リーゼントロック,1
サンライズノヴァ,ウェスタールンド,1
クインズサターン,ウェスタールンド,1
ナムラミラクル,ウェスタールンド,1
ユラノト,ウェスタールンド,1
ルグランフリソン,ウェスタールンド,1
インカンテーション,ウェスタールンド,1
ウェスタールンド,クルーガー,1
ウェスタールンド,グレンツェント,1
ウェスタールンド,メイショウウタゲ,1
ウェスタールンド,ストロングバローズ,1
ウェスタールンド,イーグルフェザー,1
ウェスタールンド,ラインシュナイダー,1
ウェスタールンド,モルトベーネ,1
ウェスタールンド,パルトネルラーフ,1
ウェスタールンド,マイネルオフィール,1
ルヴァンスレーヴ,ウェスタールンド,1
ウェスタールンド,アンジュデジール,1
ウェスタールンド,オメガパフューム,1
ウェスタールンド,サンライズノヴァ,1
ウェスタールンド,ノンコノユメ,1
ウェスタールンド,ミツバ,1
ウェスタールンド,アスカノロマン,1
ウェスタールンド,ケイティブレイブ,1
ウェスタールンド,センチュリオン,1
ウェスタールンド,インカンテーション,1
ウェスタールンド,アポロケンタッキー,1
ウェスタールンド,パヴェル,1
